Season,INN_per_G,PA,RS,IP,G,1B,BB,IBB,HBP,SB,CS,GDP,GDP_OPP,league_wOBA
1871,8.12274368231047,11215.0,2659,2250.0,277,2381,393,0.0,0.0,441.0,123.0,74.0,10775.0,0.312349565699501
1872,8.11358024691358,15928.0,3390,3286.0,405,3704,263,0.0,0.0,269.0,134.0,97.0,15628.0,0.2853146504947335
1873,8.259600614439323,17294.0,3580,3584.6666666666665,434,4098,335,0.0,0.0,314.0,131.0,122.0,16912.0,0.2934486113568017
1874,8.50952380952381,19342.0,3470,4169.666666666667,490,4356,238,0.0,0.0,242.0,97.0,107.0,19064.0,0.2709102805695142
1875,8.113149847094801,27082.0,4234,6190.333333333333,763,5660,249,0.0,0.0,629.0,320.0,142.0,26793.0,0.2500979018372899
1876,8.314619883040935,20457.0,3066,4739.333333333333,570,4484,336,0.0,0.0,0.0,0.0,0.0,20081.0,0.26509462750360324
1877,8.20506329113924,14012.0,2040,3241.0,395,3046,345,0.0,0.0,0.0,0.0,0.0,13643.0,0.2799914392331895
1878,8.633766233766234,14008.0,1904,3324.0,385,2903,364,0.0,0.0,0.0,0.0,0.0,13621.0,0.26829492817355616
1879,8.575443786982248,24663.0,3409,5797.0,676,4838,508,0.0,0.0,0.0,0.0,0.0,24097.0,0.26580873525150067
1880,7.977954144620811,25041.0,3191,6031.333333333333,756,4576,740,0.0,0.0,0.0,0.0,0.0,24239.0,0.2634889922225423
1881,8.38702147525677,25410.0,3425,5988.333333333333,714,4891,1033,0.0,0.0,0.0,0.0,0.0,24301.0,0.2864468146203389
1882,8.40176600441501,43214.0,6092,10149.333333333334,1208,7916,1592,0.0,0.0,0.0,0.0,0.0,41444.0,0.27447801643361686
1883,8.176586132390492,59996.0,9030,13875.666666666666,1697,11157,2326,0.0,0.0,0.0,0.0,0.0,57432.0,0.28612025316455697
1884,8.240061162079511,114727.0,16742,26945.0,3270,20347,4947,0.0,468.0,0.0,0.0,0.0,108623.0,0.27776858261978504
1885,8.483720093542004,66588.0,9292,15720.333333333334,1853,11824,3530,0.0,333.0,0.0,0.0,0.0,62402.0,0.2853568777950458
1886,8.321347291761493,78790.0,11512,18282.0,2197,13727,5554,0.0,309.0,3243.0,0.0,0.0,72514.0,0.302263995849036
1887,8.293453724604966,81534.0,13417,18370.0,2215,15142,6053,0.0,746.0,6345.0,0.0,0.0,74129.0,0.3355310078032883
1888,8.519091847265223,80990.0,10628,19261.666666666668,2261,13974,4727,0.0,824.0,5260.0,0.0,0.0,74918.0,0.2875547775461233
1889,7.80161334427126,84553.0,12986,19020.333333333332,2438,15405,7316,0.0,759.0,4816.0,0.0,0.0,75811.0,0.33629317555057814
1890,7.892406836648921,126310.0,19383,28168.0,3569,22603,11723,0.0,1344.0,6871.0,0.0,0.0,112479.0,0.33807547103947216
1891,7.631881783706029,86680.0,12635,19453.666666666668,2549,15224,8035,0.0,985.0,4165.0,0.0,0.0,77075.0,0.3321500921864073
1892,7.822567589444714,70615.0,9388,16106.666666666666,2059,12209,6178,0.0,561.0,3201.0,0.0,0.0,63459.0,0.3158759098033738
1893,7.441939524065128,63680.0,10315,13864.333333333334,1863,12209,6143,0.0,639.0,2752.0,0.0,0.0,56438.0,0.3609634669864609
1894,7.170209089338172,65205.0,11796,13831.333333333334,1929,13127,5870,0.0,602.0,3148.0,0.0,0.0,58104.0,0.39184912081678963
1895,7.179927197087883,63573.0,10514,13807.0,1923,12928,5120,0.0,668.0,2895.0,0.0,0.0,57297.0,0.36488881927039823
1896,7.30079575596817,62230.0,9560,13762.0,1885,12565,4854,0.0,636.0,3059.0,0.0,0.0,56336.0,0.3553159233629232
1897,7.437068507700478,63272.0,9536,14004.0,1883,12868,4729,0.0,750.0,2705.0,0.0,0.0,57425.0,0.3534214202358351
1898,7.648449984020454,69964.0,9129,15954.666666666666,2086,13668,5092,0.0,865.0,2069.0,0.0,0.0,63708.0,0.32735139942700625
1899,7.522885101010101,70016.0,9672,15888.333333333334,2112,14177,4979,0.0,868.0,2668.0,0.0,0.0,63817.0,0.33887602410773143
1900,7.305821665438467,43485.0,5932,9914.0,1357,8632,3034,0.0,513.0,1686.0,0.0,0.0,39684.0,0.3359415815361331
1901,7.678978388998035,85072.0,11073,19543.0,2545,16333,5465,0.0,830.0,2851.0,0.0,0.0,78322.0,0.3242973760184769
1902,7.824804971572127,84273.0,9897,19726.333333333332,2521,16181,5442,0.0,716.0,2684.0,0.0,0.0,77761.0,0.31574928567717797
1903,7.658089668615984,83549.0,9888,19643.0,2565,15246,5369,0.0,729.0,2742.0,0.0,0.0,77116.0,0.31432899642894657
1904,7.8092533427996695,91064.0,9302,21998.666666666668,2817,16027,5580,0.0,777.0,2781.0,0.0,0.0,84376.0,0.29498432714826156
1905,7.2807772993264885,91353.0,9635,21980.666666666668,3019,15982,6189,0.0,818.0,2946.0,0.0,0.0,84008.0,0.30173353496249694
1906,7.063455906280508,89657.0,8874,21706.0,3073,15845,6169,0.0,728.0,2997.0,0.0,0.0,82499.0,0.2985663518548317
1907,6.781644914025274,89746.0,8692,21823.333333333332,3218,16027,6101,0.0,739.0,2781.0,0.0,0.0,82662.0,0.2953501721308441
1908,6.418296892980437,90541.0,8417,22310.0,3476,15488,5860,0.0,771.0,2722.0,0.0,0.0,83643.0,0.2884714057704113
1909,6.2677765237020315,90998.0,8797,22213.0,3544,15736,6505,0.0,764.0,3055.0,0.0,0.0,83470.0,0.29874222446145715
1910,6.024142882785855,92781.0,9577,22373.666666666668,3714,15996,7419,0.0,791.0,3265.0,0.0,0.0,84210.0,0.3138020208399116
1911,5.73465140478668,93827.0,11161,22044.0,3844,16812,7838,0.0,844.0,3403.0,0.0,0.0,84631.0,0.33708613200168464
1912,5.702371644513943,93204.0,11165,21880.0,3837,16889,7683,0.0,717.0,3385.0,0.0,0.0,84362.0,0.33709837353182853
1913,5.43790044356826,91726.0,9960,22067.0,4058,16215,7267,0.0,702.0,3250.0,0.0,0.0,83287.0,0.3243344482421875
1914,5.528625639333443,138909.0,14530,33509.0,6061,24055,11143,0.0,991.0,4573.0,1370.0,0.0,126065.0,0.31983133729304575
1915,5.5492645018040525,138280.0,14213,33323.333333333336,6005,23524,11120,0.0,1015.0,4106.0,2046.0,0.0,125510.0,0.316473333387658
1916,5.31680050385766,92468.0,8889,22511.333333333332,4234,15766,7076,0.0,640.0,2753.0,836.0,0.0,84369.0,0.3092239380836452
1917,5.514253042554929,92623.0,8950,22503.666666666668,4081,16009,6910,0.0,579.0,2413.0,0.0,0.0,84799.0,0.30709359343611586
1918,6.054421768707482,75971.0,7382,18393.333333333332,3038,13642,5749,0.0,461.0,1989.0,0.0,0.0,69526.0,0.31094024433427764
1919,5.691096019618939,83902.0,8668,20112.333333333332,3534,15207,5982,0.0,531.0,2077.0,0.0,0.0,76942.0,0.32043556022446207
1920,5.567141785446362,94601.0,10762,22263.0,3999,17771,6820,0.0,561.0,1720.0,1563.0,0.0,86590.0,0.3366138731870803
1921,5.158890191481047,95556.0,11928,22002.666666666668,4265,18500,6847,0.0,551.0,1487.0,1317.0,0.0,87221.0,0.35487437443859876
1922,4.985860409145608,96155.0,12057,22097.333333333332,4432,18366,7253,0.0,598.0,1451.0,1165.0,0.0,87249.0,0.3563649236712278
1923,4.962555231034225,96130.0,11872,22088.333333333332,4451,18174,7563,0.0,605.0,1567.0,1258.0,0.0,86982.0,0.35336090593471126
1924,4.870144284128746,95288.0,11716,21940.0,4505,18119,7364,0.0,553.0,1501.0,1247.0,0.0,86475.0,0.3542282002839743
1925,4.841093865484109,96226.0,12593,21833.333333333332,4510,18237,7744,0.0,495.0,1388.0,1103.0,0.0,86818.0,0.36517783700117545
1926,4.787706649187968,95139.0,11443,21913.333333333332,4577,17343,7703,0.0,484.0,1275.0,500.0,0.0,86089.0,0.3522123913766086
1927,4.905504791620237,95571.0,11748,22011.0,4487,17740,7445,0.0,482.0,1437.0,511.0,0.0,86722.0,0.3526497533640206
1928,4.895166073546857,95584.0,11650,22008.666666666668,4496,17282,7665,0.0,454.0,1269.0,482.0,0.0,86372.0,0.35445896813996747
1929,4.798711755233494,96322.0,12749,21853.333333333332,4554,17645,7992,0.0,407.0,1329.0,492.0,0.0,86574.0,0.3679636170386722
1930,4.650499893639651,97239.0,13695,21862.0,4701,17994,7654,0.0,408.0,1080.0,423.0,0.0,87612.0,0.3741360903206521
1931,4.860890067786619,96121.0,11891,21990.666666666668,4524,17399,7679,0.0,381.0,1088.0,452.0,0.0,86992.0,0.34900321820585023
1932,4.801721643518518,96577.0,12114,22126.333333333332,4608,17097,7549,0.0,367.0,990.0,410.0,0.0,87303.0,0.3504110498121053
1933,4.768197982437042,94615.0,10989,21900.333333333332,4593,16990,7344,0.0,351.0,860.0,376.0,1105.0,85853.0,0.3375328433033784
1934,4.53540839774389,95563.0,11999,21711.0,4787,17422,7855,0.0,342.0,909.0,315.0,968.0,86022.0,0.3535942865755394
1935,4.643463497453311,96202.0,12026,21880.0,4712,17497,7834,0.0,382.0,883.0,329.0,910.0,86661.0,0.3529743028599731
1936,4.609716994284121,97884.0,12846,22043.666666666668,4782,18049,8418,0.0,413.0,963.0,320.0,1003.0,87689.0,0.3620558880648715
1937,4.6482778131409574,96148.0,12070,21907.333333333332,4713,17126,8443,0.0,322.0,1021.0,337.0,956.0,85953.0,0.3576906530683201
1938,4.680858727757366,95347.0,11969,21658.333333333332,4627,16837,8632,0.0,348.0,896.0,325.0,1038.0,84892.0,0.3577713124260494
1939,4.50857260896509,95902.0,11876,21826.0,4841,16871,8478,0.0,353.0,957.0,345.0,1945.0,85626.0,0.3577533790125774
1940,4.53458084858455,95900.0,11568,22051.666666666668,4863,16401,8273,0.0,358.0,953.0,333.0,1825.0,85698.0,0.34934310626324383
1941,4.618126343526801,96484.0,11168,22199.333333333332,4807,16375,8886,0.0,312.0,882.0,323.0,1869.0,85955.0,0.34553063853492094
1942,4.750486907595758,93936.0,9995,21952.0,4621,15905,8393,0.0,339.0,961.0,390.0,1756.0,84133.0,0.3292918282383728
1943,4.816741919300509,95072.0,9687,22402.666666666668,4651,16338,8361,0.0,327.0,1010.0,449.0,1881.0,85479.0,0.3262210095497954
1944,4.75115272753068,95637.0,10350,22325.666666666668,4699,16812,7930,0.0,349.0,920.0,339.0,1853.0,86324.0,0.3307357988234474
1945,4.7235230934479056,94788.0,10286,21988.0,4655,16745,8299,0.0,361.0,978.0,373.0,1710.0,85121.0,0.3334188991604566
1946,4.275418275418276,95071.0,9953,22146.666666666668,5180,15978,8800,0.0,316.0,884.0,340.0,1865.0,84740.0,0.3369964441399189
1947,4.167769584672591,95376.0,10827,22043.333333333332,5289,16066,9217,0.0,317.0,760.0,333.0,1938.0,84277.0,0.34951651268981626
1948,3.971030237189933,95792.0,11327,21932.0,5523,16159,9623,0.0,342.0,812.0,288.0,1934.0,84272.0,0.35605499510341815
1949,4.156670438828115,96190.0,11425,22038.666666666668,5302,16101,10027,0.0,375.0,730.0,299.0,2132.0,84084.0,0.3599552399042035
1950,4.188461049688652,96463.0,12013,21972.666666666668,5246,15979,9955,0.0,436.0,650.0,231.0,2226.0,83999.0,0.36755492088811736
1951,4.165103775943986,95998.0,11268,22208.333333333332,5332,16030,9244,0.0,449.0,866.0,604.0,2146.0,84442.0,0.35302283836564774
1952,4.222475755847119,94808.0,10349,22206.0,5259,15506,8777,0.0,482.0,771.0,628.0,1966.0,83848.0,0.34004042038141347
1953,3.939914163090129,95411.0,11426,22032.0,5592,16045,8682,0.0,487.0,668.0,520.0,2029.0,84166.0,0.35484133873005475
1954,3.958967018548339,95536.0,10827,22126.666666666668,5589,15727,9032,0.0,441.0,695.0,527.0,1959.0,83331.0,0.35078234631099425
1955,3.703061911170929,95025.0,11068,22011.0,5944,15435,9044,722.0,506.0,694.0,536.0,1940.0,82553.0,0.3207077301430474
1956,3.7247134187457855,95231.0,11031,22095.0,5932,15295,8997,783.0,481.0,719.0,495.0,1984.0,82815.0,0.3216990932989967
1957,3.716004213093852,95386.0,10636,22344.333333333332,6013,15595,8167,740.0,511.0,767.0,558.0,1970.0,83819.0,0.31534186526392327
1958,3.6596957123098206,94143.0,10578,22049.666666666668,6025,15334,8127,679.0,499.0,741.0,516.0,2062.0,82633.0,0.3167530567638339
1959,3.7300140646976088,94717.0,10853,22100.333333333332,5925,15317,8184,707.0,496.0,853.0,506.0,1837.0,83171.0,0.3156923656643304
1960,3.660895850508381,94771.0,10664,22203.333333333332,6065,15206,8384,729.0,488.0,923.0,547.0,1914.0,83079.0,0.31416672231257203
1961,3.642955965841324,109568.0,12942,25453.333333333332,6987,17607,9897,732.0,573.0,1046.0,599.0,2232.0,95607.0,0.32015806604607044
1962,3.502596304794107,124540.0,14461,29005.0,8281,20354,10936,818.0,709.0,1348.0,701.0,2487.0,109048.0,0.31699002133032583
1963,3.617366807523407,122336.0,12780,29105.333333333332,8046,19450,9591,933.0,714.0,1236.0,763.0,2256.0,108558.0,0.30093033220791127
1964,3.4767132004931787,122980.0,13124,29138.333333333332,8381,19877,9621,1015.0,694.0,1176.0,719.0,2394.0,109164.0,0.30508387343053706
1965,3.3936891886653484,122749.0,12946,29182.333333333332,8599,19278,10036,1130.0,720.0,1449.0,786.0,2363.0,108539.0,0.3025467781005735
1966,3.4149323927101705,121677.0,12900,29044.0,8505,19524,9331,1088.0,682.0,1455.0,926.0,2355.0,108179.0,0.3031307855020397
1967,3.462371969786847,121839.0,12210,29184.333333333332,8429,19291,9665,1295.0,751.0,1373.0,940.0,2245.0,108386.0,0.2955968974669086
1968,3.636111111111111,120816.0,11109,29234.333333333332,8040,19149,9156,1223.0,778.0,1515.0,931.0,2217.0,108134.0,0.2854298900801111
1969,3.448716681493196,148181.0,15850,34890.666666666664,10117,23773,13429,1436.0,882.0,1850.0,1118.0,2900.0,129837.0,0.3069507085941162
1970,3.3660357924552593,149312.0,16880,34858.666666666664,10356,23964,13727,1464.0,825.0,1908.0,1078.0,3023.0,130341.0,0.3153448959772394
1971,3.5986957871855916,146690.0,15073,34767.0,9661,23945,12536,1396.0,821.0,1765.0,1039.0,3091.0,129483.0,0.3035102584116187
1972,3.664986669588401,139947.0,13706,33450.333333333336,9127,22502,11727,1378.0,751.0,1807.0,1105.0,2797.0,124052.0,0.29645931979153717
1973,3.78745430195099,148777.0,16376,34878.666666666664,9209,24894,13100,1357.0,755.0,2034.0,1213.0,3129.0,130811.0,0.31226729279495447
1974,3.7451589853519116,148831.0,16046,34942.333333333336,9330,25267,12963,1353.0,774.0,2488.0,1383.0,3083.0,131341.0,0.3083850930398507
1975,3.7450388265746333,148596.0,16295,34724.0,9272,24835,13402,1338.0,761.0,2524.0,1369.0,3014.0,130648.0,0.31170234205729613
1976,3.729780720489819,147576.0,15492,34925.666666666664,9364,25157,12391,1156.0,684.0,3054.0,1544.0,2910.0,131083.0,0.302698272106868
1977,3.5532435740514074,161518.0,18803,37739.0,10621,26782,13757,1297.0,791.0,3017.0,1779.0,3139.0,142095.0,0.321280606095029
1978,3.714380056133399,159165.0,17251,37496.666666666664,10095,26346,13566,1338.0,772.0,3004.0,1617.0,3076.0,140597.0,0.31075261324041814
1979,3.5447208297865633,160357.0,18713,37478.333333333336,10573,26997,13601,1366.0,754.0,2983.0,1598.0,3326.0,141255.0,0.3204367166364302
1980,3.5069778930468076,161186.0,18053,37861.333333333336,10796,27636,13190,1435.0,657.0,3294.0,1610.0,3362.0,142956.0,0.3152865685256037
1981,3.3734372899583276,105880.0,11147,25095.0,7439,17717,8868,895.0,464.0,2021.0,1100.0,2208.0,93938.0,0.30548690387822586
1982,3.4313192620104482,161089.0,18110,37878.333333333336,11039,26992,13302,1319.0,677.0,3176.0,1617.0,3147.0,142510.0,0.3143629247611214
1983,3.437966842776462,160590.0,18170,37742.0,10978,26646,13518,1379.0,717.0,3325.0,1619.0,3296.0,141798.0,0.3151659118300032
1984,3.3734156452238224,160538.0,17921,37704.666666666664,11177,26925,13320,1270.0,668.0,3032.0,1511.0,3193.0,142006.0,0.3122585200813518
1985,3.2735280482151135,160305.0,18216,37658.666666666664,11504,25788,13838,1337.0,699.0,3097.0,1431.0,3293.0,141022.0,0.3150372763135327
1986,3.2035997732426305,160835.0,18545,37674.333333333336,11760,25701,14227,1289.0,812.0,3312.0,1620.0,3119.0,140808.0,0.31785383880377904
1987,3.0907844588851416,161891.0,19883,37574.666666666664,12157,25748,14389,1287.0,842.0,3585.0,1529.0,3124.0,141092.0,0.3275662869386549
1988,3.2666435406006995,159365.0,17380,37667.666666666664,11531,25838,12984,1367.0,918.0,3301.0,1418.0,3087.0,141018.0,0.30763840427708994
1989,3.1141111386342994,160016.0,17405,37715.0,12111,26035,13528,1446.0,801.0,3116.0,1441.0,3064.0,141364.0,0.30786743042104187
1990,2.959167060553542,160301.0,17919,37563.666666666664,12694,26109,13852,1384.0,861.0,3290.0,1510.0,3077.0,141010.0,0.31389213767333085
1991,2.867638498721939,160730.0,18127,37769.666666666664,13171,25782,13984,1228.0,905.0,3120.0,1567.0,3021.0,141209.0,0.3127388109806306
1992,2.854853721731693,160516.0,17341,37829.666666666664,13251,26098,13682,1315.0,980.0,3264.0,1601.0,3109.0,141522.0,0.30977090315864314
1993,2.729766156749107,174546.0,20864,40507.0,14839,28669,15110,1477.0,1200.0,3263.0,1660.0,3431.0,152776.0,0.32393098716556307
1994,2.6859281530896677,124472.0,15752,28586.333333333332,10643,20012,11131,1008.0,876.0,2258.0,1032.0,2442.0,108167.0,0.3343816141407036
1995,2.5894358605821055,156691.0,19554,36032.0,13915,25112,14240,1105.0,1219.0,2933.0,1257.0,3145.0,135978.0,0.33139462549805965
1996,2.6010431362489843,177242.0,22831,40560.666666666664,15594,28516,16093,1343.0,1404.0,3239.0,1343.0,3609.0,153383.0,0.33607255885979753
1997,2.5511761367219523,175513.0,21604,40454.0,15857,27944,15666,1169.0,1449.0,3308.0,1564.0,3440.0,152375.0,0.3313233545758161
1998,2.581401798803439,188257.0,23297,43434.666666666664,16826,29785,16447,1067.0,1587.0,3284.0,1505.0,3704.0,163757.0,0.3305146130414858
1999,2.5012348537470093,189675.0,24691,43211.333333333336,17276,30128,17891,1107.0,1579.0,3421.0,1519.0,3841.0,163213.0,0.3401166855651355
2000,2.5112853271389857,190242.0,24971,43244.333333333336,17220,29700,18237,1210.0,1573.0,2924.0,1323.0,3892.0,163225.0,0.3415955689312928
2001,2.456018912529551,186961.0,23199,43287.333333333336,17625,28680,15806,1384.0,1890.0,3103.0,1408.0,3653.0,162383.0,0.3318189541773115
2002,2.4569303276361367,186606.0,22408,43269.0,17611,28592,16246,1452.0,1746.0,2750.0,1282.0,3845.0,162156.0,0.328054484227963
2003,2.432246356476025,187437.0,22978,43335.333333333336,17817,29089,15889,1316.0,1849.0,2573.0,1132.0,3850.0,163156.0,0.3303588064717201
2004,2.3748905429071803,188519.0,23376,43394.0,18272,29254,16222,1381.0,1850.0,2589.0,1100.0,3784.0,163633.0,0.33374531705922644
2005,2.3975340136054424,186274.0,22325,43232.333333333336,18032,29223,15207,1216.0,1797.0,2565.0,1069.0,3908.0,162938.0,0.3278811478537708
2006,2.3140044934203488,188052.0,23599,43258.0,18694,29600,15847,1410.0,1817.0,2767.0,1110.0,3945.0,163606.0,0.3358176181543967
2007,2.2507342524446288,188598.0,23322,43425.666666666664,19294,29885,16079,1323.0,1755.0,2918.0,1002.0,3983.0,164366.0,0.33205050205938563
2008,2.2805421137527175,187614.0,22585,43357.666666666664,19012,29194,16337,1310.0,1672.0,2799.0,1035.0,3883.0,163362.0,0.3285719836777105
2009,2.265905639629261,187060.0,22419,43272.0,19097,28796,16620,1179.0,1590.0,2970.0,1133.0,3796.0,162442.0,0.3288317955342314
2010,2.305437251561613,185525.0,21308,43305.333333333336,18784,28589,15778,1216.0,1549.0,2959.0,1129.0,3719.0,162284.0,0.3199628648811315
2011,2.321457777777778,185218.0,20808,43527.333333333336,18750,28418,15018,1231.0,1554.0,3279.0,1261.0,3523.0,162820.0,0.31606433194383504
2012,2.2368864582258454,184156.0,21017,43355.333333333336,19382,27941,14709,1055.0,1494.0,3229.0,1136.0,3614.0,161796.0,0.31713226921848675
2013,2.274084878794193,184848.0,20255,43653.333333333336,19196,28438,14640,1018.0,1536.0,2693.0,1007.0,3732.0,162792.0,0.3133540206196868
2014,2.257319324396598,183906.0,19761,43613.666666666664,19321,28423,14020,985.0,1652.0,2764.0,1035.0,3609.0,162771.0,0.307657353864455
2015,2.1742970680558336,183595.0,20647,43407.666666666664,19964,28016,14073,951.0,1602.0,2505.0,1064.0,3739.0,161779.0,0.31551103921871215
2016,2.148238173189808,184539.0,21744,43306.333333333336,20159,27539,15088,932.0,1651.0,2537.0,1001.0,3719.0,160976.0,0.32258383630368814
2017,2.108349173855827,185252.0,22582,43257.0,20517,26918,15829,970.0,1763.0,2527.0,934.0,3804.0,160387.0,0.32725248558822406
2018,2.0516582535264423,185098.0,21630,43489.0,21197,26322,15686,929.0,1922.0,2474.0,958.0,3457.0,160670.0,0.31828045880466443
2019,2.0263816945883306,186456.0,23467,43423.333333333336,21429,25947,15895,753.0,1984.0,2280.0,832.0,3463.0,160651.0,0.3291478961968777
2020,1.9435439963144447,66471.0,8344,15468.666666666666,7959,9071,6092,202.0,821.0,885.0,292.0,1237.0,56852.0,0.32289256610676864
2021,1.9783204122371292,181756.0,22010,42615.0,21541,25006,15794,703.0,2112.0,2213.0,711.0,3328.0,156763.0,0.31815961772063434
2022,2.06319251524731,181978.0,20817,43075.333333333336,20878,25877,14853,475.0,2046.0,2486.0,811.0,3397.0,158640.0,0.3092044690331451
2023,2.088171626118704,184008.0,22432,43087.333333333336,20634,26031,15819,474.0,2112.0,3503.0,866.0,3466.0,158979.0,0.3202795663690232
2024,2.083619259330853,182349.0,21343,43116.333333333336,20693,25902,14929,509.0,2020.0,3617.0,961.0,3227.0,158686.0,0.31101570114891836
